Var1,Freq
Marine fishes nei,108
Swordfish,73
"Sharks, rays, skates, etc. nei",69
Skipjack tuna,66
Yellowfin tuna,66
Tuna-like fishes nei,65
Albacore,63
Mullets nei,63
Bigeye tuna,62
Marine molluscs nei,61
Marine crabs nei,56
"Rays, stingrays, mantas nei",53
"Octopuses, etc. nei",52
Marine crustaceans nei,48
Blue marlin,47
Common dolphinfish,47
Flatfishes nei,45
Natantian decapods nei,43
Barracudas nei,41
Groupers nei,41
"Porgies, seabreams nei",41
Various squids nei,40
"Marlins,sailfishes,etc. nei",37
Carangids nei,36
"Groupers, seabasses nei",35
Penaeus shrimps nei,35
Atlantic bluefin tuna,34
Black marlin,34
Sea cucumbers nei,34
"Clams, etc. nei",33
Striped marlin,33
Atlantic bonito,32
Clupeoids nei,32
European seabass,32
Frigate and bullet tunas,32
"Grunts, sweetlips nei",32
Pacific cupped oyster,32
"Snappers, jobfishes nei",31
Tropical spiny lobsters nei,31
Blue shark,30
"Cuttlefish, bobtail squids nei",30
Cobia,29
"Croakers, drums nei",29
European anchovy,29
Shortfin mako,29
Turbot,29
Wahoo,29
Whiteleg shrimp,29
Atlantic mackerel,28
Gilthead seabream,28
Atlantic chub mackerel,27
European hake,27
European pilchard(=Sardine),27
Picked dogfish,27
Sea catfishes nei,27
Common squids nei,26
Garfish,26
Giant tiger prawn,26
Scorpionfishes nei,26
Common sole,25
European flat oyster,25
European sprat,25
Red seaweeds,25
Bluefish,24
Indo-Pacific sailfish,24
Silversides(=Sand smelts) nei,24
Snappers nei,24
Whiting,24
Aquatic invertebrates nei,23
Atlantic horse mackerel,23
Cupped oysters nei,23
Dogfish sharks nei,23
European eel,23
"Jacks, crevalles nei",23
Little tunny(=Atl.black skipj),23
Blue whiting(=Poutassou),22
Flathead grey mullet,22
John dory,22
Kawakawa,22
Marine shells nei,22
Norway lobster,22
Atlantic salmon,21
Demersal percomorphs nei,21
Emperors(=Scavengers) nei,21
European conger,21
Indo-Pacific swamp crab,21
Largehead hairtail,21
Marine turtles nei,21
Mediterranean mussel,21
Milkfish,21
Scallops nei,21
European flounder,20
European lobster,20
Gadiformes nei,20
"Gurnards, searobins nei",20
Porbeagle,20
Smooth-hounds nei,20
Surmullets(=Red mullets) nei,20
"Wrasses, hogfishes, etc. nei",20
Blue mussel,19
Bogue,19
Gastropods nei,19
Narrow-barred Spanish mackerel,19
Rainbow trout,19
Seerfishes nei,19
Spinefeet(=Rabbitfishes) nei,19
Sponges,19
Atlantic cod,18
Atlantic herring,18
Brown seaweeds,18
Gobies nei,18
Haddock,18
Picarels nei,18
Rays and skates nei,18
Saithe(=Pollock),18
Salema,18
Stromboid conchs nei,18
Amberjacks nei,17
Argentines,17
Barramundi(=Giant seaperch),17
"Butterfishes, pomfrets nei",17
Greater amberjack,17
Greater forkbeard,17
Sandeels(=Sandlances) nei,17
Sea urchins nei,17
Surmullet,17
Witch flounder,17
Atlantic halibut,16
Atlantic redfishes nei,16
Black seabream,16
Common dentex,16
Common octopus,16
Northern prawn,16
Alfonsinos nei,15
Amer. plaice(=Long rough dab),15
Atlantic sailfish,15
Common cuttlefish,15
Gracilaria seaweeds,15
Greenland halibut,15
Jack and horse mackerels nei,15
Megrim,15
Monkfishes nei,15
Round sardinella,15
Roundnose grenadier,15
Sardinellas nei,15
Sea mussels nei,15
Silver scabbardfish,15
Tusk(=Cusk),15
Abalones nei,14
Atlantic pomfret,14
Caribbean spiny lobster,14
Cephalopods nei,14
Common dab,14
Common pandora,14
European plaice,14
"Goatfishes, red mullets nei",14
Greater weever,14
Halfbeaks nei,14
Kuruma prawn,14
Ling,14
Longtail tuna,14
Orange roughy,14
Parrotfishes nei,14
Sargo breams nei,14
Wolffishes(=Catfishes) nei,14
Wreckfish,14
Blue ling,13
Blue swimming crab,13
Brill,13
Capelin,13
Elkhorn sea moss,13
Finfishes nei,13
Flyingfishes nei,13
"Hard corals, madrepores nei",13
Japanese carpet shell,13
Lemon sole,13
Mackerels nei,13
Pollack,13
Red porgy,13
Scads nei,13
Shads nei,13
Spinous spider crab,13
Sturgeons nei,13
Thornback ray,13
Tope shark,13
"Triggerfishes, durgons nei",13
Angler(=Monk),12
Aquatic plants nei,12
Atlantic white marlin,12
Atlantic wolffish,12
Blackbelly rosefish,12
Blackspot(=red) seabream,12
Deep-water rose shrimp,12
Dusky grouper,12
Grey gurnard,12
"Hairtails, scabbardfishes nei",12
Indian mackerel,12
Jellyfishes nei,12
Meagre,12
Mediterranean horse mackerel,12
Norway pout,12
Saddled seabream,12
Tilefishes nei,12
Black scabbardfish,11
Blackfin tuna,11
Common edible cockle,11
Edible crab,11
Eucheuma seaweeds nei,11
Goatfishes,11
Lizardfishes nei,11
Lumpfish(=Lumpsucker),11
Mojarras(=Silver-biddies) nei,11
Oilfish,11
Pacific chub mackerel,11
Pelagic percomorphs nei,11
Portuguese dogfish,11
Pouting(=Bib),11
Red drum,11
Sand steenbras,11
Sardinia coral,11
Sea trout,11
"Threadfins, tasselfishes nei",11
Various sharks nei,11
Whelk,11
White seabream,11
"Anchovies, etc. nei",10
Beaked redfish,10
Black cardinal fish,10
Caramote prawn,10
Common shrimp,10
Freshwater fishes nei,10
Leerfish,10
Northern shortfin squid,10
Pacific bluefin tuna,10
Palinurid spiny lobsters nei,10
Periwinkles nei,10
Red mullet,10
Threadfin breams nei,10
Tilapias nei,10
Torpedo scad,10
Trochus shells nei,10
Annular seabream,9
Axillary seabream,9
Baird's slickhead,9
Banana prawn,9
Bigeyes nei,9
Blue shrimp,9
"Catsharks, nursehounds nei",9
Common spiny lobster,9
Echinoderms,9
European flying squid,9
Grooved carpet shell,9
Groundfishes nei,9
"Hammerhead sharks, etc. nei",9
Pargo breams nei,9
Pompanos nei,9
Rabbit fish,9
Requiem sharks nei,9
Roughhead grenadier,9
Silky shark,9
Sillago-whitings,9
Spotted ray,9
Striped venus,9
Alaska pollock(=Walleye poll.),8
Bigeye scad,8
Blonde ray,8
Blood cockle,8
Brown meagre,8
Common two-banded seabream,8
Escolar,8
European smelt,8
Golden redfish,8
Great Atlantic scallop,8
Green crab,8
Green mussel,8
Green seaweeds,8
Indian white prawn,8
Indo-Pacific king mackerel,8
Leafscale gulper shark,8
Pearl oyster shells nei,8
Percoids nei,8
Queenfishes,8
Red gurnard,8
Salmonoids nei,8
Sharpsnout seabream,8
Shortbill spearfish,8
Small-spotted catshark,8
Southern bluefin tuna,8
Surgeonfishes nei,8
Thresher sharks nei,8
Tonguefishes,8
Venus clams nei,8
White hake,8
Yellowtail snapper,8
Bigeye thresher,7
Black pomfret,7
Blue skate,7
Chinook(=Spring=King) salmon,7
Common prawn,7
Cuckoo ray,7
Fourfinger threadfin,7
Green tiger prawn,7
Green turtle,7
Grey triggerfish,7
Gulper shark,7
Horned and musky octopuses,7
Mangrove cupped oyster,7
Mangrove red snapper,7
Metapenaeus shrimps nei,7
"Mojarras, etc. nei",7
Oceanic whitetip shark,7
Orange-spotted grouper,7
Patagonian toothfish,7
Pike-perch,7
Poor cod,7
Portunus swimcrabs nei,7
Queen scallop,7
Roach,7
Sand sole,7
Seaweeds nei,7
Shi drum,7
Silver pomfret,7
Slipper lobsters nei,7
Snooks(=Robalos) nei,7
Snubnose pompano,7
Soles nei,7
"Stingrays, butterfly rays nei",7
Thresher,7
Tiger shark,7
Tub gurnard,7
Wolf-herrings nei,7
"Angelsharks, sand devils nei",6
Black skipjack,6
Blackmouth catshark,6
Blotched picarel,6
Blue and red shrimp,6
Boarfish,6
Brine shrimp,6
Coho(=Silver) salmon,6
"Conger eels, etc. nei",6
Daggertooth pike conger,6
False trevally,6
Freshwater bream,6
Fusiliers nei,6
"Guitarfishes, etc. nei",6
King mackerel,6
Kitefin shark,6
Lane snapper,6
Large-eye dentex,6
Longbill spearfish,6
Longnose velvet dogfish,6
Longnosed skate,6
Marine worms,6
Mediterranean moray,6
Morays nei,6
Murex,6
Nile tilapia,6
Ocean sunfish,6
Opah,6
Pacific herring,6
Pandoras nei,6
Rainbow runner,6
Red-eye round herring,6
Scomber mackerels nei,6
Sea snails,6
Seabasses nei,6
Silver seabream,6
Smooth hammerhead,6
Smooth-hound,6
Snoek,6
Solid surf clam,6
Spiny eucheuma,6
Spotted wolffish,6
Stargazer,6
Stolephorus anchovies nei,6
Striped bonito,6
Tarpon,6
Threadfin and dwarf breams nei,6
White grouper,6
Yellowtail amberjack,6
Yesso scallop,6
Arctic skate,5
Atlantic saury,5
Atlantic thread herring,5
Ballan wrasse,5
Basking shark,5
Big-scale sand smelt,5
Birdbeak dogfish,5
Black stone crab,5
Bluefin gurnard,5
Bluntnose sixgill shark,5
Broadtail shortfin squid,5
Canary drum(=Baardman),5
Common carp,5
Common eagle ray,5
Common mora,5
Common periwinkle,5
Croakers nei,5
Dealfish,5
Dogfishes and hounds nei,5
Donax clams,5
Eastern Pacific bonito,5
European barracuda,5
European perch,5
Flathead lobster,5
Flatheads nei,5
Forkbeards nei,5
Gelidium seaweeds,5
Giant kelps nei,5
Golden grey mullet,5
Golden trevally,5
Goldlined seabream,5
Greasy grouper,5
Greater lizardfish,5
Iceland scallop,5
Indian scad,5
Japanese pilchard,5
Japanese sea cucumber,5
Jumbo flying squid,5
Knifetooth dogfish,5
Mediterranean shore crab,5
Mediterranean slipper lobster,5
Moras nei,5
Needlefishes nei,5
"Needlefishes, etc. nei",5
North Atlantic rockweed,5
Northern pike,5
Nurse shark,5
Nursehound,5
Pacific cod,5
Pacific ocean perch,5
Pacific saury,5
Pacific sierra,5
Pandalus shrimps nei,5
Parrotfish,5
Pelagic fishes nei,5
Pharaoh cuttlefish,5
Pink cusk-eel,5
Plain bonito,5
Puffers nei,5
Queen crab,5
Ratfishes nei,5
Red bandfish,5
Red scorpionfish,5
Rocklings nei,5
Sand gaper,5
Sandy ray,5
Scalloped hammerhead,5
Shagreen ray,5
Smooth callista,5
Spottail mantis squillid,5
Spotted seabass,5
Stony sea urchin,5
Velvet swimcrab,5
Wakame,5
Weakfishes nei,5
White skate,5
Yellowfin seabream,5
American cupped oyster,4
Angelshark,4
Ark clams nei,4
Arrowhead dogfish,4
Bastard halibut,4
Bastard halibuts nei,4
Black and Caspian Sea sprat,4
Black drum,4
Blue crab,4
Blue runner,4
Bombay-duck,4
Burbot,4
"Cardinalfishes, etc. nei",4
Carpet shells nei,4
"Catsharks, etc. nei",4
Cero,4
Chum(=Keta=Dog) salmon,4
Cockles nei,4
Comber,4
Common stingray,4
Copper shark,4
"Craylets, squat lobsters",4
Crevalle jack,4
Crucian carp,4
Cyprinids nei,4
Dorab wolf-herring,4
Eagle rays nei,4
European squid,4
European whitefish,4
Forkbeard,4
Great Mediterranean scallop,4
Great white shark,4
Green spiny lobster,4
Greenland shark,4
"Grenadiers, rattails nei",4
Horned octopus,4
Indian mackerels nei,4
Indian oil sardine,4
Japanese anchovy,4
Japanese flying squid,4
Japanese jack mackerel,4
Japanese kelp,4
Japanese seabass,4
King soldier bream,4
Ladyfish,4
Laver (Nori),4
Lefteye flounders nei,4
Lobsters nei,4
Longnose spurdog,4
Madeiran sardinella,4
North European kelp,4
Northern quahog(=Hard clam),4
Okhotsk atka mackerel,4
Pacific angelshark,4
Pacific halibut,4
Pacific sandlance,4
Patagonian grenadier,4
Picarel,4
Pink(=Humpback) salmon,4
Pontic shad,4
Ponyfishes(=Slipmouths) nei,4
"Razor clams, knife clams nei",4
Red grouper,4
Red king crab,4
Sablefish,4
Sandfish,4
Sawfishes,4
Scaled sardines,4
Sea chubs nei,4
Sea squirts nei,4
Silvery John dory,4
Small-eyed ray,4
Sobaity seabream,4
Sockeye(=Red) salmon,4
Solen razor clams nei,4
Southern blue whiting,4
Southern hake,4
Southern red snapper,4
Squirrelfishes nei,4
Starfishes nei,4
Starry ray,4
Tanner crabs nei,4
Three-spined stickleback,4
Twaite shad,4
Undulate ray,4
Velvet belly,4
Warehou nei,4
Wedge sole,4
West African goatfish,4
White-spotted spinefoot,4
Yellow croaker,4
Yellowleg shrimp,4
African sicklefish,3
Aka coral,3
Alewife,3
Alfonsino,3
American angler,3
American eel,3
American harvestfish,3
American lobster,3
American sea scallop,3
Anadara clams nei,3
Anchoveta(=Peruvian anchovy),3
"Antarctic rockcods, noties nei",3
Arctic char,3
Argentine,3
Argentine hake,3
Atlantic moonfish,3
Atlantic seabob,3
Atlantic searobins,3
Ballyhoo halfbeak,3
Bear paw clam,3
Bearded brotula,3
Bigeye grunt,3
Black dogfish,3
Black scorpionfish,3
Blackbanded trevally,3
Blackhead seabream,3
Blacklip pearl oyster,3
Blacktip shark,3
Blue butterfish,3
Blue mackerel,3
Boarfishes nei,3
Bonefish,3
Bonga shad,3
Broadnose sevengill shark,3
Brown-marbled grouper,3
Brushtooth lizardfish,3
Chacunda gizzard shad,3
Chars nei,3
Chilean jack mackerel,3
"Chimaeras, etc. nei",3
Cholga mussel,3
Common snook,3
Crystal shrimp,3
Curled picarel,3
"Cusk-eels, brotulas nei",3
Deep-sea red crab,3
Dentex nei,3
Dogtooth tuna,3
Eelpout,3
Elongate giant clam,3
Eulachon,3
European edible sea urchin,3
Falkland sprat,3
False scad,3
Filefishes nei,3
"Filefishes, leatherjackets nei",3
Flat needlefish,3
Florida pompano,3
Fluted giant clam,3
Four-spot megrim,3
Gazami crab,3
Giant clam,3
Giant red shrimp,3
Giant trevally,3
Goldsilk seabream,3
Greater argentine,3
Gulf kingcroaker,3
Hapuku wreckfish,3
Hawksbill turtle,3
Hilsa shad,3
Hogfish,3
Imperial surf clam,3
Indian halibut,3
Japanese hard clam,3
Japanese Spanish mackerel,3
King crabs,3
Lanternfishes nei,3
Lanternsharks nei,3
Leaping mullet,3
Lesser African threadfin,3
Longlegged spiny lobster,3
Longspine snipefish,3
Malabar trevally,3
Masu(=Cherry) salmon,3
Mediterranean spearfish,3
Mediterranean starry ray,3
Midway deep-sea coral,3
Mirror dory,3
"Momo, boke magai, misu coral",3
Moonfish,3
Mozambique tilapia,3
Nassau grouper,3
Nori nei,3
North Pacific hake,3
Northern pink shrimp,3
Northern wolffish,3
Ocean quahog,3
Octopuses nei,3
Oreo dories nei,3
Pacific anchoveta,3
Pacific rudderfish,3
Pacific thread herring,3
Palaemonid shrimps nei,3
Patagonian blennie,3
Patagonian squid,3
Pelagic armourhead,3
Peruvian weakfish,3
Pickhandle barracuda,3
Pike-congers nei,3
Pink ear emperor,3
Pod razor shell,3
Polar cod,3
"Pomfrets, ocean breams nei",3
Ponyfishes(=Slipmouths),3
Porgies,3
Pullet carpet shell,3
Rainbow smelt,3
Red hake,3
Red lionfish,3
Red pandora,3
Ridge scaled rattail,3
Righteye flounders nei,3
Rough scad,3
Rubberlip grunt,3
"Ruffs, barrelfishes nei",3
Sailfin roughshark,3
Sea belt,3
Sea lamprey,3
Sergestid shrimps nei,3
"Shiro, white coral",3
Short neck clams nei,3
Shrimp scad,3
Silver grunt,3
Silver hake,3
Silvery lightfish,3
Slimeheads nei,3
Smooth giant clam,3
"Snake mackerels, escolars nei",3
So-iuy mullet,3
Softshell red crab,3
South American pilchard,3
South Pacific hake,3
Southern meagre(=Mulloway),3
Southern pink shrimp,3
Southern rough shrimp,3
Spadefishes nei,3
Spangled emperor,3
Spiny scorpionfish,3
Spotted rose snapper,3
Spotted sicklefish,3
Starry sturgeon,3
Stomatopods nei,3
Tadpole codling,3
Tangle,3
Tench,3
Thickback soles nei,3
Thicklip grey mullet,3
Thinlip grey mullet,3
Tiger pufferfish,3
Torpedo rays,3
Transparent goby,3
Twobar seabream,3
Vermilion snapper,3
Warty venus,3
West African croakers nei,3
West African geryon,3
White trevally,3
Whitemouth croaker,3
Yellowbar angelfish,3
Yellowstripe scad,3
Yellowtail flounder,3
[Chondracanthus chamissoi],2
Aesop shrimp,2
Akiami paste shrimp,2
Alexandria pompano,2
Allis shad,2
American shad,2
Areolate grouper,2
Argentine angelshark,2
Argentine conger,2
Argentine croaker,2
Argentine red shrimp,2
Argentine shortfin squid,2
Argentine stiletto shrimp,2
Argentinian sandperch,2
Aristeid shrimps nei,2
Arrow-tooth flounder,2
Atlantic bumper,2
Atlantic ditch shrimp,2
Atlantic rock crab,2
Atlantic sharpnose shark,2
Atlantic silverside,2
Atlantic Spanish mackerel,2
Atlantic surf clam,2
Australian salmon,2
Babberlocks,2
Banded carpet shell,2
Bar jack,2
Barnacle,2
Barred grunt,2
Batfishes,2
Beluga,2
Benguela hake,2
Bigeye trevally,2
Black grouper,2
Blackfin goosefish,2
Blacklip abalone,2
Bloch's gizzard shad,2
Blue antimora,2
Blue grenadier,2
Blue jack mackerel,2
Bluenose warehou,2
Bluespine unicornfish,2
Bobo croaker,2
Brazilian codling,2
Brazilian flathead,2
Brazilian groupers nei,2
Brazilian menhaden,2
Brown ray,2
Brown smooth-hound,2
Bull kelp,2
Butter clam,2
Cabinza grunt,2
California pilchard,2
Californian anchovy,2
Cannonball jellyfish,2
Cape bonnetmouth,2
Cape elephantfish,2
Cape gurnard,2
Cape hakes,2
Cape horse mackerel,2
Cape rock lobster,2
Cardinal fishes nei,2
Cassava croaker,2
Chilean mussel,2
Chinese gizzard shad,2
Chinese mitten crab,2
Common European bittersweet,2
Common warehou,2
Corkwing wrasse,2
Corvina drum,2
Danube sturgeon(=Osetr),2
Devil anglerfish,2
Diadromous clupeoids nei,2
Dogtooth grouper,2
Dotted gizzard shad,2
Dungeness crab,2
Eeltail catfishes,2
Elongate ilisha,2
Endeavour shrimp,2
False abalone,2
Flat and cupped oysters nei,2
Flat oysters nei,2
Flathead sole,2
Fleshy prawn,2
Flying gurnard,2
Freshwater breams nei,2
Frigate tuna,2
Geelbek croaker,2
Ghost shark,2
Giant African threadfin,2
Giant catfish,2
Gigartina seaweeds nei,2
Golden shrimp,2
Goldfish,2
Goldsinny-wrasse,2
Goldstripe sardinella,2
Great barracuda,2
Green humphead parrotfish,2
Green rock lobster,2
Greenland cod,2
Grey snapper,2
Haffara seabream,2
Hagfishes nei,2
Horned turban,2
Horse mussels nei,2
Hound needlefish,2
Humpback grouper,2
Imperial blackfish,2
Indian backwater oyster,2
Indian driftfish,2
Indian pellona,2
Indo-Pacific tarpon,2
Intermediate scabbardfish,2
Japanese amberjack,2
Japanese sandfish,2
Japanese scad,2
Japanese seabream,2
John's snapper,2
Kamchatka flounder,2
King weakfish,2
Kingcroakers nei,2
Kingklip,2
Large yellow croaker,2
Largeeye breams,2
Lebranche mullet,2
Lemon shark,2
Leopard flounder,2
Lingcod,2
Lings nei,2
Little sleeper shark,2
Loggerhead turtle,2
Longfin mako,2
Longfin squid,2
Longfin yellowtail,2
Longnose anchovy,2
Macha clam,2
Mako sharks,2
"Mantas, devil rays nei",2
Mediterranean sand smelt,2
Megrims nei,2
Mi-iuy (brown) croaker,2
Monocle breams,2
Morwongs,2
Mouse catshark,2
Musky octopus,2
Mutton snapper,2
Neon flying squid,2
Northern brown shrimp,2
Northern red snapper,2
Northern white shrimp,2
Norway redfish,2
Norwegian krill,2
Obtuse barracuda,2
Ocean whitefish,2
Opalescent inshore squid,2
Orangespotted trevally,2
Pacific geoduck,2
Pacific jack mackerel,2
Pacific menhaden,2
Pacific salmons nei,2
Pacific seabobs,2
Painted comber,2
Painted sweetlips,2
Panga seabream,2
Parore,2
Patagonian redfish,2
Patagonian scallop,2
Pelagic red crab,2
Perlemoen abalone,2
Peruvian calico scallop,2
Peruvian morwong,2
Pilotfish,2
Pink dentex,2
Plownose chimaera,2
Pompano,2
Queen snapper,2
Rainbow sardine,2
Randall's threadfin bream,2
Red abalone,2
Red bigeye,2
Red hind,2
Redfish,2
Redspotted shrimp,2
River eels nei,2
Rock cook,2
Rock sole,2
Round ray,2
Rudd,2
Ruffe,2
Sabaki tilapia,2
Sailray,2
Sand flounders nei,2
Sand tiger shark,2
Santer seabream,2
Scarlet shrimp,2
Sciaenas nei,2
Senegalese hake,2
Senegalese sole,2
Serra Spanish mackerel,2
Sevenstar flying squid,2
Short mackerel,2
Shortspine thornyhead,2
Sichel,2
Silk snapper,2
Silver carp,2
Silver croaker,2
Silver gemfish,2
Silver sillago,2
Silver warehou,2
Silver-stripe round herring,2
Sixfinger threadfin,2
Slender armorhead,2
Slender silver-biddy,2
Slender tuna,2
Smallscaled grouper,2
Smalltooth emperor,2
Smooth oreo dory,2
Snake eels nei,2
So-iny (redlip) mullet,2
Sompat grunt,2
South American rock mussel,2
Southern African anchovy,2
Southern African pilchard,2
Southern king crab,2
Southern white shrimp,2
Speckled shrimp,2
Spiky oreo,2
Spiny butterfly ray,2
Spiny lobsters nei,2
Splendid alfonsino,2
Spotted flounder,2
Spotted weakfish,2
Squillids nei,2
Starry smooth-hound,2
Stimpson's surf clam,2
Streaked gurnard,2
Streaked seerfish,2
Striped bass,2
"Striped bass, hybrid",2
Stripped weakfish,2
Sword razor shell,2
Talang queenfish,2
Terapon perches nei,2
"Toadfishes, etc. nei",2
Tripletail,2
Trout sweetlips,2
Trumpeters nei,2
Tuberculate abalone,2
Two-spot red snapper,2
Vendace,2
Weeverfishes nei,2
West African ladyfish,2
West African Spanish mackerel,2
West coast sole,2
Western king prawn,2
Western white shrimp,2
Whelks,2
White bream,2
White grunt,2
White mullet,2
Whitefin wolf-herring,2
Whitehead's round herring,2
Winter flounder,2
Yellow snapper,2
Yellowfin grouper,2
Yellowfin sole,2
[Aplodactylus punctatus],1
[Calanus finmarchicus],1
[Dunaliella salina],1
[Gymnogongrus furcellatus],1
[Lessonia spp],1
[Lessonia trabeculata],1
[Mazzaella laminarioides],1
[Odontesthes smitti],1
[Paralabrax spp],1
[Porphyra columbina],1
[Sargassum spp],1
[Solea spp],1
Acoupa weakfish,1
African moonfish,1
African pompano,1
Alaska plaice,1
Alloteuthis squids nei,1
American conger,1
American gizzard shad,1
American slipper-limpet,1
American yellow cockle,1
Angel skin coral,1
Anglerfishes nei,1
Angolan dentex,1
Angular roughshark,1
Angulate volute,1
Antarctic flying squid,1
Antarctic krill,1
Araucanian herring,1
Argentine anchovy,1
Argentine goatfish,1
Argentine seabass,1
Asp,1
Atka mackerel,1
Atl.jackknife(=Atl.razor clam),1
Atlantic anchoveta,1
Atlantic bay scallop,1
Atlantic croaker,1
Atlantic emperor,1
Atlantic goldeneye tilefish,1
Atlantic lizardfish,1
Atlantic menhaden,1
Atlantic needlefish,1
Atlantic puffers nei,1
Atlantic spadefish,1
Atlantic tomcod,1
Aurora rockfish,1
Australian bonito,1
Australian mussel,1
Australian pilchard,1
Australian spiny lobster,1
Bali sardinella,1
Baltic prawn,1
Banded rudderfish,1
Banded yellowfish,1
Bank rockfish,1
Barrelfish,1
Bartail flathead,1
Basket cockle,1
Basketwork eel,1
Bastard grunt,1
Bean solen,1
Big skate,1
Bigfin reef squid,1
Biglip grunt,1
Bignose fanskate,1
Bigspined boarfish,1
Bigtooth corvina,1
Black ark,1
Black corals and thorny corals,1
Black cusk-eel,1
Black driftfish,1
Black goby,1
Black musselcracker,1
Black oreo,1
Black rockfish,1
Black seabass,1
Black snapper,1
Black teatfish,1
Black-streaked monocle bream,1
Blackbellied angler,1
Blackchin tilapia,1
Blackfin snapper,1
Blackgill rockfish,1
Blackmouth croaker,1
Blacknose shark,1
Blackspotted rubberlip,1
Blacktail comber,1
Blackthroat seaperch,1
Bleak,1
Blood ark,1
Blue king crab,1
Blue maomao,1
Blue mud shrimp,1
Blue squat lobster,1
Blue-barred parrotfish,1
Blueback shad,1
Bluefin trevally,1
Bluegill,1
Bluespot mullet,1
Bluespotted cornetfish,1
Bluestripe herring,1
Bobo mullet,1
Bocaccio rockfish,1
Bocon toadfish,1
Boe drum,1
Bonnethead,1
"Bonnetmouths, rubyfishes nei",1
Boxfishes nei,1
Bramble shark,1
Brazilian sandperch,1
Brazilian sardinella,1
Bright green nori,1
Broad geloina,1
Broad-barred king mackerel,1
Broadgilled hagfish,1
Broadnose skate,1
Broomtail grouper,1
Brown king crab,1
Brown moray,1
Brown tiger prawn,1
Brown wrasse,1
Brownspotted grouper,1
Brownstripe red snapper,1
Bubble gum coral,1
Bull shark,1
Bullet tuna,1
Bushy hard coral,1
Butter sole,1
Butterfly kingfish,1
Cabezon,1
Calico scallop,1
California butterfly ray,1
California flounder,1
California sheephead,1
Callinectes swimcrabs nei,1
Camouflage grouper,1
Canary rockfish,1
Cape Hope squid,1
Cardinal snapper,1
Carpenter seabream,1
Carragheen (Irish) moss,1
Carrot squat lobster,1
Castaneta,1
Caulerpa seaweeds,1
Chaceon geryons nei,1
Channel bull blenny,1
Channeled whelk,1
Charybdis crabs nei,1
Chilean flat oyster,1
Chilean grenadier,1
Chilean jagged lobster,1
Chilean kelp,1
Chilean knife shrimp,1
Chilean nylon shrimp,1
Chilean sandperch,1
Chilean sea urchin,1
Chilean semele,1
Chilean silverside,1
Chilipepper rockfish,1
Chocolate hind,1
Choicy ruff,1
Chola guitarfish,1
Choro mussel,1
Citharids nei,1
Cnidarians nei,1
Coarse seagrape,1
Combtooth blennies,1
Comet grouper,1
Commercial top,1
Common Atlantic grenadier,1
Common bluestripe snapper,1
Common guitarfish,1
Common silver-biddy,1
Constricted tagelus,1
Coonstripe shrimp,1
Coral hind,1
Cornetfish,1
Cortez oyster,1
Cownose ray,1
Crangonid shrimps nei,1
Crested bellowfish,1
Crimson pasiphaeid,1
Crimson seabream,1
Crocus giant clam,1
Cubera snapper,1
Cunner,1
Curlfin sole,1
Cusk-eels nei,1
Daggerhead breams nei,1
Dana swimcrab,1
Dark ghost shark,1
Darkblotched rockfish,1
Dealfishes,1
Deep-sea smelt,1
Delicate scallop,1
Delta prawn,1
Devil fish,1
Diphos sanguin,1
Dories nei,1
Doublespotted queenfish,1
Dover sole,1
Draughtsboard shark,1
Drums nei,1
Duckbill barracudina,1
Dulse,1
Dungat grouper,1
Dusky shark,1
Dusky smooth-hound,1
Dusky spinefoot,1
Duskytail grouper,1
Eastern king prawn,1
Eastern school shrimp,1
Eel-grass,1
Eelpouts,1
Emperor red snapper,1
English sole,1
Eyespot skate,1
Finetooth shark,1
Five-lined snapper,1
Flabellum cup corals nei,1
Fourlined terapon,1
Fourspot flounder,1
Fragile codium,1
Freshwater crustaceans nei,1
Frostfishes,1
Fusiform sargassum,1
Gag,1
Gasar cupped oyster,1
Gay's little venus,1
Ghost shrimps nei,1
Giant abalone,1
Giant barnacle,1
Giant boarfish,1
Giant clams nei,1
Giant grouper,1
Giant kelp,1
Giant manta,1
Giant seabass,1
Giant stargazer,1
Giant stone crab,1
Glassfishes,1
Globose clam,1
Glove sponge,1
Golden carpet shell,1
Golden Cystoseira,1
Golden deepsea crab,1
Golden king crab,1
Golden threadfin bream,1
Goose barnacles nei,1
Gopher rockfish,1
Grand ark,1
Greasyback shrimp,1
Great blue spotted mudskipper,1
Great hammerhead,1
Great lanternshark,1
Great Northern tilefish,1
Greater hooked squid,1
Green jobfish,1
Green laver,1
Green sturgeon,1
Green weakfish,1
Greenback horse mackerel,1
Grenadier cod,1
Grenadiers nei,1
Grey rockcod,1
Grey tilefish,1
Grooved sea squirt,1
Guinea shrimp,1
Guinean striped mojarra,1
"Gulf butterfishes, etc. nei",1
Gulf menhaden,1
Gummy shark,1
Hagfish,1
Hair crab,1
Hakes nei,1
Half-crenated ark,1
Hard clams nei,1
Harpoon seaweeds,1
Hector's lanternfish,1
Henslowâ€™s swimming crab,1
Hickory shad,1
Hokkai shrimp,1
Honeycomb grouper,1
Hong Kong grouper,1
Honnibe croaker,1
Hooded oyster,1
Hooknose,1
Horseshoe crab,1
Humpback red snapper,1
Humphead wrasse,1
Humpnose big-eye bream,1
Humpy shrimp,1
Indian squid,1
Indonesian snakehead,1
Inflated ark,1
Irish mojarra,1
Jamaica weakfish,1
Japanese abalone,1
Japanese corbicula,1
Japanese eel,1
Japanese fan lobster,1
Japanese flyingfish,1
Japanese halfbeak,1
Japanese isinglass,1
Japanese meagre,1
Japanese sardinella,1
Japanese spiny lobster,1
Japanese topeshark,1
Jobfishes nei,1
Jolthead porgy,1
Jonah crab,1
Juanernandez rock lobster,1
Karanteen seabream,1
Kelp greenling,1
"King crabs, stone crabs nei",1
King dory,1
King of herrings,1
Klunzinger's mullet,1
Knife shrimp,1
Knobbed whelk,1
Knout goby,1
Kolibri shrimp,1
Korean mussel,1
Korean rockfish,1
Korean sandlance,1
Lacy sea lettuce,1
Lampreys nei,1
Largescaled terapon,1
Latchet(=Sharpbeak gurnard),1
Law croaker,1
Leister,1
Leopard coralgrouper,1
Leopard shark,1
Lesser amberjack,1
Lesser flying squid,1
Lightning whelk,1
Little skate,1
Live sharksucker,1
Long snouted lancetfish,1
Longrayed whiptail,1
Longspine burrfish,1
Longspine thornyhead,1
Longtail Southern cod,1
Longtail stingray,1
Lookdown,1
Lowfin gulper shark,1
Lusitanian cownose ray,1
Lusitanian toadfish,1
Mackerel icefish,1
"Mackerel sharks,porbeagles nei",1
Madeiran ray,1
Malabar blood snapper,1
Malabar grouper,1
Mangrove ghost crab,1
Manifold callophyllis,1
Marble goby,1
Marbled spinefoot,1
Mediterranean dealfish,1
Mediterranean geryon,1
Mediterranean scaldfish,1
Mediterranean slimehead,1
Metanephrops lobsters nei,1
Mexican barracuda,1
Mexican barred snapper,1
Mexican four-eyed octopus,1
Minstrel sweetlips,1
Misty grouper,1
Mola rock crab,1
Morotoge shrimp,1
Mote sculpin,1
Mozambique lobster,1
Mozuku,1
Mud sole,1
Mud spiny lobster,1
Narrownose smooth-hound,1
Navaga(=Wachna cod),1
Needlescaled queenfish,1
New Zealand blue cod,1
New Zealand dredge oyster,1
New Zealand lobster,1
New Zealand mussel,1
New Zealand rough skate,1
New Zealand scallop,1
New Zealand smooth skate,1
Night shark,1
Noah's ark,1
Northern kingfish,1
Northern nylon shrimp,1
Northern puffer,1
Norwegian skate,1
Nylon shrimps nei,1
Ocean pout,1
Ocean shrimp,1
Offshore rockfish,1
Offshore silver hake,1
Olympia oyster,1
Opaleye,1
Orange mud crab,1
Orange perch,1
Orange-striped emperor,1
Orbicular batfish,1
Orfe(=Ide),1
Oriental cyclina,1
Ornate spiny lobster,1
Pacific asaphis,1
Pacific bumper,1
Pacific calico scallop,1
Pacific cornetfish,1
Pacific flatiron herring,1
Pacific guitarfish,1
Pacific horse clam,1
Pacific horse clams nei,1
Pacific lion's paw,1
Pacific littleneck clam,1
Pacific piquitinga,1
Pacific pompano,1
Pacific porgy,1
Pacific razor clam,1
Pacific red snapper,1
Pacific rock crab,1
Pacific rock shrimp,1
Pacific sand sole,1
Pacific sanddab,1
Pacific sandperch,1
Pacific seabob,1
Pacific spadefish,1
Pacific tomcod,1
Pacific tripletail,1
Painted eel,1
Panama hake,1
Pangas catfishes nei,1
Papuan black snapper,1
Parapenaeopsis shrimps nei,1
Parona leatherjacket,1
Parrot grunt,1
Patagonian skate,1
Peacock hind,1
Pearly razorfish,1
Pelagic stingray,1
Pelagic thresher,1
Pemarco blackfish,1
Pen shells nei,1
Penguin wing oyster,1
Peppery furrow,1
Percarina,1
Permit,1
Peruvian banded croaker,1
Peruvian moonfish,1
Peruvian rock seabass,1
Petrale sole,1
Phyllophora nei,1
Pigfish,1
Pike icefish,1
Pinfish,1
Pink maomao,1
Pink spiny lobster,1
Piper gurnard,1
Pipi wedge clam,1
Plunket shark,1
Portly spider crab,1
Prickly redfish,1
Pufferfishes nei,1
Purple dye murex,1
Queen conch,1
Rainbow abalone,1
Rainbow wrasse,1
Red bait,1
Red codling,1
Red crab,1
Red cusk-eel,1
Red pike conger,1
Red rock lobster,1
Red sea squirt,1
Red seabroom,1
Red snow crab,1
Red starfish,1
Red steenbras,1
Red swamp crawfish,1
Red vermillion crab,1
Redbanded rockfish,1
Redcoat,1
Redmouth grouper,1
Redtail prawn,1
Rex sole,1
Ribboned nori,1
Rio skate,1
River and lake turtles nei,1
River lamprey,1
River Plata mussel,1
Roaches nei,1
Robust clubhook squid,1
Rock hind,1
Rock sea bass,1
Rock shrimp,1
Rooster venus,1
Roudi escolar,1
Rough turban,1
Roughskin dogfish,1
Roughtail stingray,1
Round goby,1
Roundscale spearfish,1
Roving coralgrouper,1
Royal red shrimp,1
Rubyfish,1
Ruff,1
Russell's snapper,1
Rusty jobfish,1
Sabre squirrelfish,1
Saffron cod,1
Salmonids nei,1
Sand tilefish,1
Sand weakfish,1
Sandbar shark,1
Sawsharks nei,1
Sawtooth barracuda,1
Scaly gurnard,1
Scamp,1
Scats,1
Schoolmaster gonate squid,1
Sculpins,1
Sculpins nei,1
Sculptured shrimps nei,1
Scup,1
Sea anemones,1
Sea lettuces nei,1
Sea plume,1
Senegal jack,1
Sharpnose sevengill shark,1
Sharpnose stingray,1
Sharptooth houndshark,1
Sheepshead,1
Sheepswool sponge,1
Shiba shrimp,1
Short-finned eel,1
Shortfin scad,1
Shorthead drum,1
Shortjaw leatherjacket,1
Shortnose greeneye,1
Shortspine African angler,1
Sickle pomfret,1
Silver barb,1
Silver chimaera,1
Silver pomfrets nei,1
Silver-cheeked toadfish,1
Silvery pout,1
Skilfish,1
Skottsberg's gigartina,1
Sky emperor,1
Slender codling,1
Slender rainbow sardine,1
Slender smooth-hound,1
Slickheads nei,1
Slipper cupped oyster,1
Small sandeel,1
Smallnose fanskate,1
Smelts nei,1
Smooth mactra,1
Smooth weakfish,1
Snowy grouper,1
Snubnose emperor,1
Sohal surgeonfish,1
Sordid rubberlip,1
South American silver porgy,1
Southern Australia scallop,1
Southern kingcroaker,1
Southern lemon sole,1
Southern lobsterette,1
Southern opah,1
Southern rays bream,1
Southern rock lobster,1
Southern spiny lobster,1
Southern stingray,1
Southwest Atlantic butterfish,1
Southwest Atlantic red crab,1
Spanish ling,1
Speckled hind,1
Spinner shark,1
Spiral babylon,1
Splitnose rockfish,1
Spot croaker,1
Spot shrimp,1
Spotback skate,1
Spotfin flathead,1
Spottail shark,1
Spotted coralgrouper,1
Spotted estuary smooth-hound,1
Spotted grouper,1
Spotted gurnard,1
Spotted ratfish,1
Spotted sardinella,1
Squaretail coralgrouper,1
Squaretail mullet,1
Squeteague(=Gray weakfish),1
Starry flounder,1
Steenbrasses nei,1
Sterlet sturgeon,1
Stingrays nei,1
Stout beardfish,1
Straightnose rabbitfish,1
Streaked spinefoot,1
Striped piggy,1
Striped red shrimp,1
Stumpnoses nei,1
Stutchbury's venus,1
Subtruncate surf clam,1
Summan grouper,1
Summer flounder,1
Surf clams nei,1
Surf smelt,1
Swarming squat lobster,1
"Sweetlips, rubberlips nei",1
Sydney cupped oyster,1
Taca clam,1
Tanaka's snailfish,1
Tanner crab,1
Taquilla clams,1
Tarakihi,1
Tautog,1
Tellins nei,1
Thorntooth grenadier,1
Threadfin shad,1
Threadsail filefish,1
Thumbprint emperor,1
Tigertooth croaker,1
Titi shrimp,1
Toli shad,1
Totoaba,1
Triangular tivela,1
Trouts nei,1
Trumpet emperor,1
Tsivakihini paste shrimp,1
Turban shells nei,1
Turbots nei,1
Unicorn cod,1
Vadigo,1
Variegated scallop,1
Veined squid,1
Velvet fan lobster,1
Velvet leatherjacket,1
Vermilion rockfish,1
Vimba bream,1
Volutes nei,1
Waigieu seaperch,1
Wakame nei,1
Warsaw grouper,1
Warty dory,1
Warty gracilaria,1
Weathervane scallop,1
Weevers nei,1
Wellington flying squid,1
Wels(=Som) catfish,1
Wenchman,1
West African ilisha,1
Western Atlantic seabream,1
Whip stingray,1
White croaker,1
White margate,1
White perch,1
White steenbras,1
White stumpnose,1
White sturgeon,1
White teatfish,1
White warehou,1
White weakfish,1
White-blotched grouper,1
Whitefishes nei,1
Whitespotted conger,1
Whitespotted grouper,1
Whitespotted wedgefish,1
Widow rockfish,1
Windowpane flounder,1
Yellow jack,1
Yellow sponge,1
Yellow striped flounder,1
Yellow-edged lyretail,1
Yellowback seabream,1
Yellowedge grouper,1
Yellowfin hind,1
Yellowlip emperor,1
Yellownose skate,1
Yellowspotted trevally,1
Yellowstripe goatfish,1
Yellowtail rockfish,1
Yellowtail scad,1
